Image_Name,ymin,xmin,ymax,xmax,class_
a04616944b28709230378c9f266b1c52(1).jpg,457.625,720.325,699.315,1600.0,B2
a04616944b28709230378c9f266b1c52(2).jpg,550.259,313.128,656.401,843.791,B2
a0773105e847253e92e262cca3225649.jpg,544.031,483.595,976.923,1914.61,J20
a19782944265ea3a6b62eb9a529379e2(1).jpg,253.225,289.445,417.431,741.593,JAS39
a19782944265ea3a6b62eb9a529379e2(2).jpg,613.56,922.067,672.195,972.337,E2
a19782944265ea3a6b62eb9a529379e2(3).jpg,611.431,909.443,673.168,978.139,E2
a244836f510a4345b70ae17c077201ce(1).jpg,1102.98,514.979,1225.06,649.533,B52
a244836f510a4345b70ae17c077201ce(2).jpg,906.634,475.925,1015.13,612.775,B52
a244836f510a4345b70ae17c077201ce(3).jpg,657.0,947.504,737.152,1067.67,B52
a244836f510a4345b70ae17c077201ce(4).jpg,858.597,1083.38,945.313,1220.21,B52
a244836f510a4345b70ae17c077201ce(5).jpg,794.958,758.084,878.325,881.03,B52
a244836f510a4345b70ae17c077201ce(6).jpg,436.688,578.327,503.678,674.657,B52
a31226656b95f756d790f2d37070fe45(1).jpg,2179.62,1943.12,2823.55,3094.09,Tornado
a31226656b95f756d790f2d37070fe45(2).jpg,861.932,1962.83,1555.64,3177.3,Tornado
a31226656b95f756d790f2d37070fe45(3).jpg,1547.24,1965.83,2203.66,3143.0,Tornado
a34525c71ca8094b31898908a1ff7642(1).jpg,1443.26,2300.57,2130.99,2793.55,JAS39
a34525c71ca8094b31898908a1ff7642(2).jpg,1445.37,2330.66,2146.32,2783.98,E2
a488029e3741b1b5b22d1b42518cca05.jpg,1117.41,1754.08,1381.76,2168.85,E2
a7470383ca80dbb2c1283967efc4bd46.jpg,445.656,6.92422,1020.82,1976.19,F14
a790886bbc0d8ccf796445b5560e24ae.jpg,330.116,400.582,904.057,1051.97,F14
a89015a7ee1f673b9bf69bb1476457ea.jpg,141.119,130.984,335.163,605.273,Tornado
aaa1e502f09e3b067b5ab6af29a57355.jpg,98.4028,93.058,341.516,1352.66,B52
aaaf1990c0e5d4a36d246809092b1793(1).jpg,911.533,15.6027,1046.61,255.981,J20
aaaf1990c0e5d4a36d246809092b1793(2).jpg,282.759,1161.47,426.927,1407.53,J20
aaaf1990c0e5d4a36d246809092b1793(3).jpg,619.002,1315.0,757.484,1547.83,J20
aaaf1990c0e5d4a36d246809092b1793(4).jpg,924.022,1442.1,1054.08,1664.27,J20
aaaf1990c0e5d4a36d246809092b1793(5).jpg,923.665,729.998,1052.35,960.894,J20
aab5309e0b46c39c22ed9494a3bfb894.jpg,80.1926,571.175,94.9845,611.654,B2
ab0229d56815dd83e8f6e0f4d3ddcb7f(1).jpg,483.163,148.058,551.757,373.845,JAS39
ab0229d56815dd83e8f6e0f4d3ddcb7f(2).jpg,330.472,264.862,493.432,852.641,B52
aba987c050623b63315d6674d3e47e07(1).jpg,946.577,766.714,1607.68,2246.76,Tornado
aba987c050623b63315d6674d3e47e07(2).jpg,910.107,2245.5,1538.05,3505.84,Tornado
abbd2a55f1cccf6507cfce3437793f67(1).jpg,114.754,237.362,226.456,558.501,Mirage2000
abbd2a55f1cccf6507cfce3437793f67(3).jpg,378.648,941.01,467.782,1023.07,B2
abc2b9503f442ce9f758f915a8697031.jpg,351.507,761.377,725.75,1534.74,E2
abfe26f7717d80836ff90468590e01d0.jpg,0.0,1.03064,821.746,1280.0,Mirage2000
abfffb93c362e1c6ab48c22eb743d0af.jpg,271.401,398.204,656.547,890.104,Mirage2000
ac23b8d3e1dbf0b1c5e0723d157356d8(1).jpg,1312.59,598.324,1381.67,868.408,F14
ac23b8d3e1dbf0b1c5e0723d157356d8(3).jpg,576.752,2376.38,630.276,2656.02,F14
ac23b8d3e1dbf0b1c5e0723d157356d8(4).jpg,1315.27,608.949,1383.27,868.143,B52
ac3dec89a08048b8da59b8d2055ac000(1).jpg,149.892,723.455,261.671,878.43,JAS39
ac3dec89a08048b8da59b8d2055ac000(2).jpg,144.793,735.756,264.613,879.528,B52
ac6bd761cab54eadfe24bca411650f62.jpg,963.413,355.633,1400.72,968.879,B52
ac8d4c639d6d2a3519813c1c3742e600.jpg,719.324,1325.1,1173.98,2774.26,Tornado
acbf9c00cecb9301329fb5eeba418197.jpg,305.444,337.098,775.402,1257.72,E2
ad2a95911025dad9e0a3b94088a8f369.jpg,100.306,238.292,371.64,1093.96,Tornado
ad6a43d89491794ecd8426fe601e84de.jpg,188.329,363.167,217.607,455.268,B2
addb89b0667c47bd52ae500aa8bb8f1b.jpg,710.944,198.172,854.762,1217.71,B2
ade210415d3e10d911b161246ac20390.jpg,100.802,60.8208,330.151,826.877,JAS39
ae397cb859d8c7efe56258a8d24f1ee6.jpg,166.576,3.61957,451.499,877.05,J20
ae8e76c9a59a23dc33ffb4069907f0d3(2).jpg,626.977,537.76,753.61,789.412,Mirage2000
aeb95bb9e5ede3710390645e56faeabd(2).jpg,189.582,326.487,335.502,968.586,F14
aeba0138d47f704c466b33b287079d2f(1).jpg,134.684,562.73,167.996,675.188,B52
af1731ba79fef93e765599da6a726721(1).jpg,246.059,456.109,369.58,600.831,B2
af1731ba79fef93e765599da6a726721(2).jpg,1400.04,471.177,1590.45,1109.4,B52
afd2e9913741b966213bc0acdc7b4165(2).jpg,79.2064,193.916,275.209,335.864,JAS39
afeb44e539717d0e6faeeed976c0cd0d(1).jpg,531.438,335.768,568.027,366.064,J20
afeb44e539717d0e6faeeed976c0cd0d(2).jpg,363.638,425.849,403.262,453.972,J20
afeb44e539717d0e6faeeed976c0cd0d(3).jpg,513.617,238.804,552.974,273.43,J20
afeb44e539717d0e6faeeed976c0cd0d(4).jpg,454.531,424.784,489.16,453.654,J20
afeb44e539717d0e6faeeed976c0cd0d(5).jpg,558.449,416.215,592.223,442.927,J20
afef510ed0de0c52a29a208673da2e8f(1).jpg,1667.53,2669.76,1926.06,3506.9,JAS39
afef510ed0de0c52a29a208673da2e8f(2).jpg,1451.01,1624.86,1698.63,2465.81,JAS39
afef510ed0de0c52a29a208673da2e8f(3).jpg,1108.6,2646.6,1364.61,3530.7,JAS39
aff679e2f23dc2d32bf4f9583140c9ab(1).jpg,117.454,66.215,202.648,117.913,J20
aff679e2f23dc2d32bf4f9583140c9ab(10).jpg,61.5789,195.727,142.763,247.739,J20
aff679e2f23dc2d32bf4f9583140c9ab(11).jpg,480.843,200.136,564.668,247.43,J20
aff679e2f23dc2d32bf4f9583140c9ab(12).jpg,269.304,198.803,352.574,249.309,J20
aff679e2f23dc2d32bf4f9583140c9ab(13).jpg,269.862,108.718,354.478,160.738,J20
aff679e2f23dc2d32bf4f9583140c9ab(14).jpg,540.005,66.8302,623.645,115.992,J20
aff679e2f23dc2d32bf4f9583140c9ab(15).jpg,427.233,151.593,508.633,204.515,J20
aff679e2f23dc2d32bf4f9583140c9ab(16).jpg,605.597,147.41,638.811,211.635,Mirage2000
aff679e2f23dc2d32bf4f9583140c9ab(2).jpg,60.7305,109.856,144.765,163.389,J20
aff679e2f23dc2d32bf4f9583140c9ab(3).jpg,2.0872,153.829,85.6198,204.658,J20
aff679e2f23dc2d32bf4f9583140c9ab(4).jpg,117.247,239.48,201.403,291.128,J20
aff679e2f23dc2d32bf4f9583140c9ab(5).jpg,483.095,108.472,564.318,160.379,J20
aff679e2f23dc2d32bf4f9583140c9ab(6).jpg,535.71,239.382,622.024,290.319,J20
aff679e2f23dc2d32bf4f9583140c9ab(7).jpg,325.699,240.223,411.554,291.112,J20
aff679e2f23dc2d32bf4f9583140c9ab(8).jpg,327.812,65.31,415.164,118.021,J20
aff679e2f23dc2d32bf4f9583140c9ab(9).jpg,216.54,153.673,295.261,205.307,J20
b02809c94777d5048c18ab8b0db2fbd4(3).jpg,307.296,467.783,366.79,609.709,F14
b02809c94777d5048c18ab8b0db2fbd4(4).jpg,167.266,324.821,228.67,474.773,JAS39
b02809c94777d5048c18ab8b0db2fbd4(5).jpg,223.686,605.478,271.504,731.549,JAS39
b02809c94777d5048c18ab8b0db2fbd4(6).jpg,168.169,325.133,228.387,473.159,F14
b0aa6f15e9602b69a098c34a46443142(1).jpg,2230.42,1275.95,2571.97,1476.58,Mirage2000
b0aa6f15e9602b69a098c34a46443142(10).jpg,1298.18,962.165,1596.69,1176.24,Mirage2000
b0aa6f15e9602b69a098c34a46443142(2).jpg,1736.55,2051.61,2037.74,2232.89,Mirage2000
b0aa6f15e9602b69a098c34a46443142(3).jpg,913.087,1266.13,1238.02,1481.17,Mirage2000
b0aa6f15e9602b69a098c34a46443142(4).jpg,2830.17,1271.14,3191.78,1466.45,Mirage2000
b0aa6f15e9602b69a098c34a46443142(5).jpg,1969.41,2333.77,2282.47,2535.57,Mirage2000
b0aa6f15e9602b69a098c34a46443142(6).jpg,2047.91,196.23,2368.17,398.669,Mirage2000
b0aa6f15e9602b69a098c34a46443142(7).jpg,1306.28,1629.82,1609.75,1841.5,Mirage2000
b0aa6f15e9602b69a098c34a46443142(8).jpg,1629.16,1265.76,1940.1,1468.5,Mirage2000
b0aa6f15e9602b69a098c34a46443142(9).jpg,1589.42,661.562,1893.05,860.739,Mirage2000
b0b9d27de6d5a2fa4572a908404c3af7.jpg,348.265,271.068,503.85,761.091,E2
b0c11d299ab6f6858d0a2843a94f7830.jpg,334.785,109.609,606.488,1169.65,F14
b0c8c5e726e00338348df4f0c72cc10f(1).jpg,421.347,834.957,457.881,1036.47,J20
b0c8c5e726e00338348df4f0c72cc10f(2).jpg,385.698,479.991,423.546,689.291,J20
b0c8c5e726e00338348df4f0c72cc10f(3).jpg,308.439,44.0693,346.909,255.281,J20
b0c8c5e726e00338348df4f0c72cc10f(4).jpg,312.156,286.241,353.247,506.932,J20
b0cad1e678091719aece6331710252e3.jpg,95.0757,103.566,890.487,1828.48,Mirage2000
b14e71d3adce09616d91877f70b67824.jpg,1046.82,2040.8,1484.22,2245.64,Mirage2000
b15fca1819da112284b1cd46c642701f.jpg,256.975,551.69,280.342,722.725,B2
b166684497b32881bd3e8652e6fd1186(1).jpg,230.252,756.784,251.469,806.597,B52
b166684497b32881bd3e8652e6fd1186(2).jpg,379.969,768.95,407.862,788.461,J20
b166684497b32881bd3e8652e6fd1186(3).jpg,379.976,966.312,408.17,996.151,JAS39
b166a3fafccfe3f9b9c223016355902f(2).jpg,405.635,687.439,509.815,924.396,JAS39
b175ad944c7199cf08340b7a6c0ca4d6.jpg,783.456,1089.52,972.541,1883.83,F14
b18dfc673ca82d1de7322f7474b4ecfb(1).jpg,320.635,1202.1,620.025,2020.5,Mirage2000
b18dfc673ca82d1de7322f7474b4ecfb(2).jpg,385.873,61.9562,607.265,650.6,Mirage2000
b18dfc673ca82d1de7322f7474b4ecfb(3).jpg,339.495,791.681,610.04,1525.37,Mirage2000
b18dfc673ca82d1de7322f7474b4ecfb(4).jpg,358.897,425.439,604.893,1115.35,Mirage2000
b1e6cb8e6895d62098b9397ddb7d0953.jpg,666.942,897.755,765.832,1056.21,Mirage2000
b1f2e6dae79e6e82678527f374c4eb3f.jpg,261.394,619.239,457.026,902.843,JAS39
b209045357ee305a3254c206a42d1422.jpg,237.634,0.0,356.807,835.408,B2
b22f97aee85bb6b489f3aa01df791dd7.jpg,193.562,40.0723,627.391,1157.38,JAS39
b23ff71c6fd9dad5c6ecd203e45b9b73.jpg,166.898,135.654,1037.13,675.194,J20
b2549c65e3c203e91cdf3b752144ef3d(1).jpg,1548.74,3430.39,2151.43,6058.55,J20
b2549c65e3c203e91cdf3b752144ef3d(2).jpg,2349.76,734.768,2983.68,3183.03,J20
b256693189103285bd74f53a71d675cb.jpg,232.705,4.11623,1018.69,1483.47,Tornado
b282ce2151ef350158745a9ab27b1508.jpg,394.335,770.802,837.489,2034.29,J20
b28305ce0ee0aa84660bd504f881b81a(1).jpg,505.591,1236.55,1064.2,1793.34,JAS39
b28305ce0ee0aa84660bd504f881b81a(2).jpg,351.591,321.715,902.707,874.125,JAS39
b28541f9a229243536f17691f5743394.jpg,1162.65,946.963,2042.2,3664.07,Tornado
b297a9c9d41ba6f56e60ca3927cdf202.jpg,207.713,0.0,2012.53,1468.56,JAS39
b29a59b3cf06f5adfb3a27ee83256a5b(1).jpg,278.678,2352.31,659.261,3477.17,Tornado
b29a59b3cf06f5adfb3a27ee83256a5b(2).jpg,1038.01,1567.15,1417.51,2584.76,Tornado
b29a59b3cf06f5adfb3a27ee83256a5b(3).jpg,321.866,1250.49,715.463,2349.25,Tornado
b29a59b3cf06f5adfb3a27ee83256a5b(4).jpg,1816.26,536.12,2444.52,1509.61,Tornado
b29a59b3cf06f5adfb3a27ee83256a5b(5).jpg,2445.07,1490.6,2945.02,2236.41,Tornado
b2dbf01d0c17399f6e38cebeca1c9bd6(1).jpg,28.3134,1069.28,97.8616,1128.38,B52
b2dbf01d0c17399f6e38cebeca1c9bd6(2).jpg,490.337,69.0964,564.142,234.316,B52
b2dbf01d0c17399f6e38cebeca1c9bd6(4).jpg,23.809,976.422,97.9472,1039.29,B52
b2dbf01d0c17399f6e38cebeca1c9bd6(5).jpg,588.126,107.594,621.0,171.001,B52
b32cf8d2876d30a2c0c70dfce87bd2ed.jpg,14.8437,0.0,800.0,1184.07,E2
b3686fed6c7587eb8ada3990b73798ef.jpg,0.0,1.76807,435.144,1017.24,E2
b3c39f61cc6381982b7ff5772b81b2e3(1).jpg,104.668,20.4021,491.331,1020.0,Tornado
b3c39f61cc6381982b7ff5772b81b2e3(2).jpg,126.689,867.464,282.682,1019.74,Tornado
b3d5731e46a60940855c91eebe802ba7(2).jpg,752.85,264.572,891.006,670.33,JAS39
b3f1ba01e5cbdbc6e829eb5094c70053.jpg,144.041,698.117,331.404,798.799,E2
b42becb68785088eefd5a53ee5e6fcb5.jpg,766.599,1301.8,973.996,3039.94,B2
b440f8ad6ffd2e45861a38c7f176e1d0.jpg,10.8013,39.1148,1147.86,2968.2,Tornado
b45c7e418da432e97dd65a3dabf02e48(1).jpg,323.325,893.42,690.98,2047.23,Mirage2000
b45c7e418da432e97dd65a3dabf02e48(2).jpg,902.592,935.482,2418.38,4022.86,Mirage2000
b45c7e418da432e97dd65a3dabf02e48(3).jpg,783.39,1615.73,947.463,2081.21,Mirage2000
b45c7e418da432e97dd65a3dabf02e48(4).jpg,779.612,1614.38,948.724,2086.19,JAS39
b4cde2bd40525ca2ae5c6a524c8c78b8.jpg,504.411,480.376,3092.83,4314.56,Tornado
b4e402152a5cfc0b0665dfb94a7dfa21.jpg,344.193,147.586,826.5,1538.38,Tornado
b51c02b7093822b95923c3b6e85943c6.jpg,93.2353,173.386,1210.22,1057.08,J20
b528de0e955da0e83ebdd862262097c5.jpg,1305.9,1198.23,1405.39,1510.43,B2
b584e3b151f18b40e3f95687b394b419.jpg,25.3299,0.0,435.219,719.879,J20
b5a23f742999acbaa8ddc79e4c77a9a7.jpg,950.715,1924.9,1937.0,2529.03,E2
b5ef15a25d02fa8a4319f9f202b498e4(1).jpg,1665.43,2146.57,1836.38,2635.98,Mirage2000
b5ef15a25d02fa8a4319f9f202b498e4(10).jpg,1195.73,929.866,1315.94,1313.63,Mirage2000
b5ef15a25d02fa8a4319f9f202b498e4(11).jpg,1967.21,2975.31,2166.95,3595.79,JAS39
b5ef15a25d02fa8a4319f9f202b498e4(12).jpg,833.515,1034.68,1020.9,1507.47,Tornado
b5ef15a25d02fa8a4319f9f202b498e4(13).jpg,1402.37,1509.79,1548.98,1942.46,Mirage2000
b5ef15a25d02fa8a4319f9f202b498e4(14).jpg,979.733,961.104,1148.99,1452.02,Mirage2000
b5ef15a25d02fa8a4319f9f202b498e4(2).jpg,488.904,1292.26,779.261,1865.79,Mirage2000
b5ef15a25d02fa8a4319f9f202b498e4(3).jpg,2091.45,2433.51,2224.03,2805.97,Mirage2000
b5ef15a25d02fa8a4319f9f202b498e4(4).jpg,1969.21,2984.94,2169.25,3600.88,Mirage2000
b5ef15a25d02fa8a4319f9f202b498e4(5).jpg,1515.61,1499.31,1646.48,1862.75,Mirage2000
b5ef15a25d02fa8a4319f9f202b498e4(6).jpg,1833.5,2032.14,1964.09,2409.69,Mirage2000
b5ef15a25d02fa8a4319f9f202b498e4(7).jpg,1373.71,1519.23,1518.68,1934.22,Mirage2000
b5ef15a25d02fa8a4319f9f202b498e4(8).jpg,837.104,1031.7,1027.7,1509.99,Mirage2000
b5ef15a25d02fa8a4319f9f202b498e4(9).jpg,998.851,954.775,1162.63,1363.79,Mirage2000
b5fb8524f68e643aa3abd6f806fa41b8(1).jpg,380.636,16.0454,1108.12,1293.32,Mirage2000
b5fb8524f68e643aa3abd6f806fa41b8(2).jpg,351.285,0.0550003,1060.38,962.414,Mirage2000
b62e17cab57192b3ae9ccc8c891c92b9(1).jpg,79.4357,650.446,158.521,739.219,Mirage2000
b62e17cab57192b3ae9ccc8c891c92b9(2).jpg,45.7538,0.971631,676.312,595.375,Tornado
b668eb3e2fb5cd2581395a4981e04582(1).jpg,671.676,1343.69,759.204,1707.02,J20
b668eb3e2fb5cd2581395a4981e04582(10).jpg,678.103,1349.38,725.221,1522.29,J20
b668eb3e2fb5cd2581395a4981e04582(11).jpg,634.709,1095.86,696.91,1288.38,J20
b668eb3e2fb5cd2581395a4981e04582(12).jpg,394.081,1279.91,447.517,1426.49,JAS39
b668eb3e2fb5cd2581395a4981e04582(13).jpg,625.844,161.564,703.348,465.68,J20
b668eb3e2fb5cd2581395a4981e04582(2).jpg,629.781,129.18,730.13,468.208,J20
b668eb3e2fb5cd2581395a4981e04582(3).jpg,654.866,518.094,736.347,833.844,J20
b668eb3e2fb5cd2581395a4981e04582(4).jpg,656.357,1030.64,724.458,1290.32,J20
b668eb3e2fb5cd2581395a4981e04582(5).jpg,674.767,1351.85,738.655,1696.86,J20
b668eb3e2fb5cd2581395a4981e04582(6).jpg,665.243,1021.82,741.766,1291.1,J20
b668eb3e2fb5cd2581395a4981e04582(7).jpg,670.288,1014.39,756.458,1504.18,J20
b668eb3e2fb5cd2581395a4981e04582(8).jpg,682.108,1123.58,755.96,1448.17,J20
b668eb3e2fb5cd2581395a4981e04582(9).jpg,661.294,1058.28,731.17,1348.86,J20
b6747e60d9aac0cd218199d84ecfc912.jpg,135.966,20.7998,713.743,1024.0,E2
b6c75a8ecb1fe494093c626c67712630.jpg,485.144,1567.38,604.351,1986.54,F14
b6cb0356d565404a00674b6b3b971422.jpg,550.198,427.547,1339.93,2918.03,B52
b73606f54bd8837fbf79091c44972e01(1).jpg,203.037,480.356,473.967,867.076,Mirage2000
b73606f54bd8837fbf79091c44972e01(2).jpg,282.568,209.947,577.049,671.837,Mirage2000
b7cf5a8fe8c9c399a0b84141e690d5cf(1).jpg,256.27,50.1099,451.659,639.6,JAS39
b7cf5a8fe8c9c399a0b84141e690d5cf(2).jpg,182.736,278.474,343.536,734.97,JAS39
b7cf5a8fe8c9c399a0b84141e690d5cf(3).jpg,141.983,490.775,287.057,926.007,JAS39
b82dacea9b731b648b7119d0e2cc73ce(3).jpg,556.534,58.7814,598.868,177.424,B52
b8a7d3de1d9a6866c79160c679ebf291.jpg,151.499,0.0,820.771,1194.61,E2
b8fc96e4d42399db7ed4f298bb546950(1).jpg,207.794,794.447,330.084,1225.13,JAS39
b8fc96e4d42399db7ed4f298bb546950(2).jpg,146.053,23.0158,284.345,587.973,JAS39
b8fc96e4d42399db7ed4f298bb546950(3).jpg,527.397,519.025,916.745,1821.92,JAS39
b96bc4cdc675528447f5e4f2526aca72.jpg,450.197,359.558,546.571,1427.97,B2
b9aae8cbadbf4fa5aa6087efc673a1b1.jpg,368.251,37.3093,526.95,647.163,B2
b9ee4d8b503fe02318cd302ca99503b7(2).jpg,420.904,614.55,606.047,814.278,Mirage2000
b9ff61d4b34b386cfb4509c1ba686830.jpg,797.324,894.002,1797.2,3137.89,Mirage2000
ba00c1c580f811c300878685c7040727.jpg,105.66,82.4128,175.521,404.644,B2
ba06cf42be15d3557e5aef065f7808b0.jpg,222.954,8.89395,520.568,999.254,Tornado
ba3deb962b1866b423ea90a00d19e01e.jpg,116.237,168.344,635.087,1459.95,Mirage2000
baa3275e9a1c36ac442a0ffd6600ecfc.jpg,267.938,389.641,299.797,502.49,E2
bab73f5c9bf71b173a7b083979b62351(2).jpg,210.717,124.783,456.125,574.909,F14
bacd2d0d2854ae404cf684b43c0e268c.jpg,147.954,1211.42,264.834,1419.12,Mirage2000
bb5c6d628a6afb4033240a28fc5abdb1.jpg,1364.61,2596.7,1592.82,2890.86,JAS39
bbeddfc1f0f8950c301838c36cbbac55(1).jpg,480.969,603.443,693.128,1086.69,Tornado
bbeddfc1f0f8950c301838c36cbbac55(2).jpg,303.696,84.8538,451.244,377.599,Tornado
bbeddfc1f0f8950c301838c36cbbac55(3).jpg,44.9104,117.018,232.31,746.75,Tornado
bbeddfc1f0f8950c301838c36cbbac55(4).jpg,36.738,798.297,324.772,1007.12,Tornado
bc3616ae5f30e6f394cb11ddace1de51.jpg,1181.8,1985.77,1617.5,2349.26,E2
bc7c5017f159f435da77f14c233c3691.jpg,472.892,12.7231,629.788,1165.87,B2
bc839e63f162cd460508bf73a6c23f2b(1).jpg,746.317,1808.87,964.641,2069.01,JAS39
bc839e63f162cd460508bf73a6c23f2b(2).jpg,1788.34,1762.16,1923.87,2009.67,JAS39
bc839e63f162cd460508bf73a6c23f2b(3).jpg,1443.05,2573.8,1658.6,2816.58,JAS39
bc839e63f162cd460508bf73a6c23f2b(4).jpg,1368.43,1134.57,1572.65,1336.27,JAS39
bcb93397823ad422d172bb20ace8bc5c(1).jpg,649.441,596.652,1200.0,1197.4,B2
bcb93397823ad422d172bb20ace8bc5c(2).jpg,370.155,274.462,439.418,397.925,F14
bccabd4a47832ca0276d1eb4b2721baa.jpg,952.686,2962.34,3240.87,3750.19,Tornado
bce661c3f66e6cd982526abd2f54cfbb.jpg,1344.09,2122.74,1793.72,2489.37,E2
bd3f04a891a711f7c625fa7e6975df7e.jpg,67.6795,9.19571,607.688,997.449,F14
bd499cfca7099cddb0cbfe7df949c706.jpg,945.189,292.241,1960.01,3449.52,Tornado
bd51b97b8b2ee60585bfe0a343022f8d.jpg,143.089,185.909,532.617,1300.0,E2
bd64dbc032e12fa349000bb42bbdae90(1).jpg,90.1164,79.2035,214.275,844.715,B2
bd64dbc032e12fa349000bb42bbdae90(2).jpg,93.2335,83.7743,213.869,495.739,B2
bdbe336725abd57ff53416b5e2473b7e(1).jpg,142.509,941.009,191.602,1026.17,JAS39
bdbe336725abd57ff53416b5e2473b7e(3).jpg,128.204,157.159,172.67,246.856,JAS39
bdea7ab2a696e937acbe84ef3e8ee141.jpg,283.162,293.88,1496.57,608.598,JAS39
bdf5d38f0aa3f89c5ca3130a8c853cfa.jpg,599.112,872.404,791.216,1091.28,Tornado
be08f6a6216a7a4d023027d522c85806.jpg,182.679,94.7003,557.797,831.852,JAS39
be20b5f8ab305dde5bb79c07840d94c1.jpg,194.082,286.953,301.532,506.873,JAS39
be5ea3d47ed2d3556d3eedfdd1b36167.jpg,955.192,1871.94,1632.69,4090.85,B2
be9c080df4e2239d0defb46284fe65d4.jpg,810.579,967.929,1040.51,1731.89,JAS39
bea539bde0fe9eb3e2096e1fcab3772d(1).jpg,633.899,698.352,799.947,1189.96,JAS39
bea539bde0fe9eb3e2096e1fcab3772d(2).jpg,635.165,694.326,797.782,1192.1,Mirage2000
bea80118462d8e5fcd44c668f9cc86da.jpg,2571.67,9.06498,2829.71,1125.83,B52
bef7a14136d086cf4ce05fe68f9d3cb4(1).jpg,370.162,105.22,508.625,519.177,Mirage2000
bef7a14136d086cf4ce05fe68f9d3cb4(2).jpg,136.831,325.285,323.247,652.529,Mirage2000
bef7a14136d086cf4ce05fe68f9d3cb4(3).jpg,226.122,849.726,484.225,1252.68,Mirage2000
bf016ac935c40f80231d737a90f44fa6.jpg,60.3624,0.0,524.843,881.784,Tornado
bf65fd3c215071b92dc05640c60af478(1).jpg,50.7439,100.056,434.206,1246.01,F14
bf65fd3c215071b92dc05640c60af478(2).jpg,485.018,44.4046,835.761,1318.15,F14
bf65fd3c215071b92dc05640c60af478(3).jpg,444.687,4.3584,842.538,1307.46,Mirage2000
bf65fd3c215071b92dc05640c60af478(4).jpg,245.024,0.0,859.812,1251.0,Mirage2000
bf68fc633960044d904f56ad848bf3eb(1).jpg,481.809,77.6082,599.518,459.485,E2
bf68fc633960044d904f56ad848bf3eb(2).jpg,427.715,542.921,555.267,927.723,E2
bfc93eada8ea5458e44847ad163d61c5.jpg,968.311,150.307,1263.29,940.364,J20
c0013c35415c661fb1040f035116fb0d.jpg,1110.98,2274.9,1576.64,2648.47,E2
c07c6b957670974a96a056e4781f10ae(1).jpg,397.339,581.782,499.831,792.394,F14
c07c6b957670974a96a056e4781f10ae(2).jpg,202.218,219.881,305.517,424.528,F14
c07c6b957670974a96a056e4781f10ae(3).jpg,301.473,407.838,400.796,609.919,F14
c09029ba334c86dd6e5e323f217520aa(1).jpg,1700.96,984.106,2231.05,1753.41,E2
c09029ba334c86dd6e5e323f217520aa(2).jpg,2416.99,2200.86,2874.99,2928.98,E2
c09029ba334c86dd6e5e323f217520aa(3).jpg,1282.33,2368.11,1738.3,3161.94,E2
c09029ba334c86dd6e5e323f217520aa(4).jpg,1054.75,4080.67,1471.28,4933.04,E2
c09029ba334c86dd6e5e323f217520aa(5).jpg,3059.43,3737.29,3454.39,4452.57,E2
c09fe951ddab6de3c25952cac44a1a76(1).jpg,716.473,1670.06,778.401,1956.03,B52
c09fe951ddab6de3c25952cac44a1a76(2).jpg,1688.61,2656.42,2129.97,3526.98,E2
c0d0443897781abb18e655de10b4b754.jpg,269.449,99.8999,569.853,720.852,JAS39
c0d27790894c5621c1b2a2893d9acd3d(1).jpg,368.984,745.995,634.291,1145.7,J20
c0d27790894c5621c1b2a2893d9acd3d(2).jpg,262.993,32.1035,528.758,411.657,J20
c0f094bef0dacb42d4848b69693ef014(1).jpg,70.7949,681.9,802.192,1118.48,J20
c0f094bef0dacb42d4848b69693ef014(2).jpg,67.5193,138.948,795.461,578.919,J20
c0fd6d0b82c37d9650881d00e919fdad(1).jpg,111.398,410.261,281.681,836.512,Mirage2000
c0fd6d0b82c37d9650881d00e919fdad(2).jpg,107.935,187.455,334.761,660.136,Mirage2000
c0fd6d0b82c37d9650881d00e919fdad(3).jpg,174.546,70.5077,514.577,893.978,Mirage2000
c0fd6d0b82c37d9650881d00e919fdad(4).jpg,206.653,25.5841,512.235,712.997,Mirage2000
c0fd6d0b82c37d9650881d00e919fdad(5).jpg,181.134,24.6221,508.761,490.95,Mirage2000
c1059805e23cb5c8578cfa12ccee847b.jpg,205.385,95.4746,271.776,465.306,B2
c166908d68186d141e8f31be8b2a6507.jpg,843.448,471.218,1298.15,1282.76,Mirage2000
c17afd7d8303a6fddbacc49d0e3941cb.jpg,857.295,159.952,1080.43,390.138,F14
c1a57e7c7af1809967167d36ff21478e.jpg,209.267,576.394,711.379,1163.57,J20
c1d914b3b410917a9b6a4db5b9f42c1a(1).jpg,4.93032,245.818,965.38,1404.87,Tornado
c1d914b3b410917a9b6a4db5b9f42c1a(2).jpg,52.8839,1255.43,233.454,1707.13,Tornado
c20bd75aaec6291cb891c6a776e77324.jpg,312.361,0.0,623.874,777.87,E2
c24686a07a3390c17acbdd08c0359faa.jpg,300.048,585.018,394.588,829.078,E2
c28ad4d7e296207c40817e5a74018fb4.jpg,312.455,505.404,464.223,952.101,E2
c29699e488dc29445859a9ba67ab6684(1).jpg,612.982,1061.04,1399.61,2995.56,Tornado
c29699e488dc29445859a9ba67ab6684(2).jpg,657.805,161.889,1399.12,1900.69,Tornado
c2a69d197d6fe8cadc6762b71c0cd312.jpg,114.305,16.6732,800.184,1185.65,Mirage2000
c2b40fc1328d6963972c3177c50fe9f5.jpg,277.837,136.066,378.999,451.538,B52
c2c5fd48e3545975fc858ac731dc705f.jpg,98.8342,78.6172,486.861,962.91,JAS39
c2cca7a305fc3553e0aa3d6a76419cfe(1).jpg,304.39,308.877,600.153,613.172,J20
c2cca7a305fc3553e0aa3d6a76419cfe(2).jpg,413.799,470.666,532.92,899.437,J20
c2f86f6925c982173b34fa242b63cbcf.jpg,0.0,23.5538,1311.41,2051.56,B52
c3074b6b0803ad38fe183674bef3d098.jpg,75.3668,16.9691,606.735,1509.76,Tornado
c314b25ef5dc3522708090507916f0de(1).jpg,26.1599,0.0,855.875,891.136,B2
c314b25ef5dc3522708090507916f0de(2).jpg,600.685,637.774,996.541,1509.51,B2
c314b25ef5dc3522708090507916f0de(3).jpg,22.8586,0.0,875.394,1570.21,B2
c3970c562e460e7ec264dbad24755f60.jpg,1377.8,2824.81,1861.37,3449.94,JAS39
c39e1e81d1ed70a62057e7f9c275fb6e(1).jpg,321.317,640.518,392.056,720.808,B52
c39e1e81d1ed70a62057e7f9c275fb6e(2).jpg,317.526,814.641,380.911,894.935,B52
c39e1e81d1ed70a62057e7f9c275fb6e(3).jpg,345.886,276.444,416.814,357.751,B52
c39e1e81d1ed70a62057e7f9c275fb6e(4).jpg,351.447,98.7635,426.645,181.751,B52
c3a3cee179a8167959f0ef7acd68e6fe.jpg,428.757,0.0,1951.08,2798.61,B52
c3b03b89d16936bcb1c9df96b3c7937b(1).jpg,175.044,117.545,268.45,405.356,Tornado
c3b03b89d16936bcb1c9df96b3c7937b(2).jpg,140.68,516.989,344.748,948.761,B52
c3b03b89d16936bcb1c9df96b3c7937b(3).jpg,79.1021,305.246,138.707,508.322,Tornado
c4066b520ad6b2c2c7bee13ddee505a6.jpg,523.417,596.042,736.748,1236.57,J20
c4134ed88a952db75fd7b6f5a5928e61.jpg,183.912,119.587,761.528,1555.73,Tornado
c4db30c8b48ce0107a9edbdff38843e5.jpg,80.3246,0.0,471.543,677.924,J20
c4e7bd33562e5ac9808f777e4c61cb45(1).jpg,358.797,682.347,724.852,1380.23,Tornado
c4e7bd33562e5ac9808f777e4c61cb45(2).jpg,1275.47,418.229,1330.56,537.408,JAS39
c50c4d34ee596b9615b058aa4f18d307(1).jpg,670.67,273.937,835.18,638.299,F14
c50c4d34ee596b9615b058aa4f18d307(2).jpg,145.442,463.381,233.539,714.174,F14
c50c4d34ee596b9615b058aa4f18d307(3).jpg,476.704,458.3,601.752,775.476,F14
c50c4d34ee596b9615b058aa4f18d307(4).jpg,307.595,615.004,407.162,897.287,F14
c51be722ef3f2e1566d8b7c45ce8f3cb.jpg,221.79,6.2027,578.638,1172.92,E2
c541835020657252d121c6b149195366(1).jpg,141.27,32.5574,184.387,93.6938,F14
c541835020657252d121c6b149195366(2).jpg,195.64,299.838,239.097,347.22,F14
c541835020657252d121c6b149195366(3).jpg,259.335,500.701,277.601,547.834,JAS39
c541835020657252d121c6b149195366(4).jpg,222.042,413.2,251.931,455.886,JAS39
c541835020657252d121c6b149195366(5).jpg,222.14,412.752,252.196,454.542,F14
c5485f76627048925d23b672ed07ba7a(1).jpg,771.637,739.442,888.755,1021.09,F14
c5485f76627048925d23b672ed07ba7a(2).jpg,968.331,698.381,1107.31,1031.36,F14
c5485f76627048925d23b672ed07ba7a(3).jpg,743.504,420.925,838.251,666.976,F14
c59a089e1fe136be80d2a59774068a4c(1).jpg,310.457,62.5419,522.696,318.274,F14
c59a089e1fe136be80d2a59774068a4c(2).jpg,275.718,129.156,416.846,452.514,F14
c59a089e1fe136be80d2a59774068a4c(3).jpg,224.914,431.45,367.951,746.688,F14
c59a089e1fe136be80d2a59774068a4c(4).jpg,119.909,604.24,298.07,924.903,F14
c5c70bc90898e2312a4a4f96a9980f5e.jpg,675.685,662.071,874.935,2008.22,B2
c5f4358b578c4f70cb211eb8f4acb039.jpg,122.899,2.74548,803.21,1068.69,F14
c690eaef524ae7e0fb2a90fc1b9e27db(1).jpg,58.2834,404.089,236.72,570.959,J20
c690eaef524ae7e0fb2a90fc1b9e27db(2).jpg,331.275,275.049,481.82,435.288,J20
c726f95dee39cbf45e88981453bb7a9b.jpg,293.416,335.976,714.257,775.331,F14
c7539e76800aeeec3978d4c62ce51ab9(2).jpg,317.953,242.053,410.413,560.688,JAS39
c7573e38c39d54676aef8e6d4cdcff65(1).jpg,413.051,271.342,783.022,1703.36,JAS39
c7573e38c39d54676aef8e6d4cdcff65(2).jpg,1097.11,1665.78,1157.3,1771.27,J20
c76f0b7ee0c371a02ce52e7a872c5634(1).jpg,232.985,237.043,758.863,1113.65,JAS39
c76f0b7ee0c371a02ce52e7a872c5634(2).jpg,51.1326,333.255,385.671,1061.4,JAS39
c774c48eb0e5d602476f18dc52b7457b(1).jpg,277.11,1138.85,534.707,1733.89,J20
c774c48eb0e5d602476f18dc52b7457b(2).jpg,451.04,126.587,757.193,839.755,J20
c786c6b8439139555fb77ce3855c83ea.jpg,1348.44,2026.99,1753.12,2369.12,E2
c7b8e91eb28700c9130dc8c90ee4dd75(1).jpg,351.587,297.301,519.279,958.376,JAS39
c7b8e91eb28700c9130dc8c90ee4dd75(2).jpg,345.511,541.907,390.252,732.583,JAS39
c7b8e91eb28700c9130dc8c90ee4dd75(3).jpg,344.226,539.876,391.068,736.54,Mirage2000
c7b8e91eb28700c9130dc8c90ee4dd75(4).jpg,238.357,443.778,267.466,505.726,Tornado
c7cfdc7c444db630a5e1add17b75bb3e.jpg,1404.72,1966.33,1575.4,2598.2,E2
c7d62347a7bc71af535e2caa0f0b2ec7.jpg,630.761,29.4703,1555.35,2954.01,B2
c7f3510f82fd7f315da88891287570c0(1).jpg,107.316,226.57,329.829,788.586,Mirage2000
c7f3510f82fd7f315da88891287570c0(2).jpg,195.211,164.623,536.325,863.141,Mirage2000
c7f3510f82fd7f315da88891287570c0(3).jpg,205.087,119.003,537.476,587.34,Mirage2000
c81be670d50af8f18af85022b5a75e08.jpg,1070.75,1261.23,1107.84,1417.51,B2
c85c249eaf3f25334024aab74c524e1a(1).jpg,838.425,1466.85,1407.19,3469.78,Tornado
c85c249eaf3f25334024aab74c524e1a(2).jpg,1075.85,2166.19,1631.39,3786.95,Tornado
c875f50c25a0011fe1218025cec3a436.jpg,356.411,620.757,978.477,860.849,B2
c91e2a2ad941e30e181225d6234a240d.jpg,376.887,396.02,1345.26,2212.44,J20
c927e7785bfe034fed6038d0d01aad87.jpg,49.1077,125.536,457.557,800.473,Tornado
c92c9e93ab46566c2e9f4912d6f80580.jpg,766.078,1806.31,1243.55,2137.7,JAS39
c9336ad61cffc3c19d63579701238093(2).jpg,112.667,723.026,246.544,854.728,JAS39
c93927cc9adf48e903c4673a1609051f.jpg,305.146,85.3734,720.915,1743.75,B52
c94ddef8ccba0cc7813dc9f596821ff4.jpg,936.388,1134.26,1313.86,2792.58,E2
ca008cfc9b555649b1ea3b81881760be.jpg,1434.33,1064.12,2059.42,1914.64,JAS39
ca335eedd38e391d4b6b25d5bf0949b7(1).jpg,259.047,2469.27,352.854,2835.12,B52
ca335eedd38e391d4b6b25d5bf0949b7(2).jpg,1447.19,298.483,1705.71,776.203,B52
ca335eedd38e391d4b6b25d5bf0949b7(3).jpg,258.757,2473.79,353.475,2837.61,E2
ca39106f3932702e92cbccf8a799d1a1(1).jpg,490.802,960.618,531.241,1048.01,F14
ca39106f3932702e92cbccf8a799d1a1(2).jpg,346.254,849.099,390.428,936.7,F14
ca39106f3932702e92cbccf8a799d1a1(3).jpg,239.062,956.01,285.755,1053.31,F14
ca93ed0d486ae6639505fe18c2d0c345.jpg,131.346,18.7622,634.636,1147.81,Tornado
ca9ddc56e0a286083e8dd1b651508231.jpg,164.422,293.277,384.306,675.993,F14
ca9fe284a1dcb81e5ae75f0dab98e792.jpg,664.068,417.885,1013.14,1428.89,Tornado
cad06f3bb992d8b960160fb6a9b2b966.jpg,1178.12,1002.45,1460.12,2412.1,B2
cad9d9b8dbf76adab3891a792cb8dd32(1).jpg,788.003,1635.1,1002.26,1838.13,JAS39
cad9d9b8dbf76adab3891a792cb8dd32(2).jpg,1029.22,1074.69,1241.45,1280.49,JAS39
cad9d9b8dbf76adab3891a792cb8dd32(3).jpg,667.712,1167.25,882.59,1373.7,JAS39
cad9d9b8dbf76adab3891a792cb8dd32(4).jpg,294.888,955.847,520.427,1165.27,JAS39
cb5964c5e408be25f3e14c09f9c5e4bd.jpg,437.989,566.395,571.58,1039.28,JAS39
cb818f52825620202d5eccec3505ec19(1).jpg,261.767,14.6342,489.761,751.954,B2
cb818f52825620202d5eccec3505ec19(2).jpg,137.954,140.45,156.531,190.457,B2
cbe4638a6ca18772705066c1873597b2.jpg,1999.51,2598.91,2287.29,2935.05,JAS39
cc17045cedab0e91317f796b637c99b2(1).jpg,406.083,659.177,732.008,1650.65,JAS39
cc17045cedab0e91317f796b637c99b2(2).jpg,527.716,234.879,871.072,1256.21,JAS39
ccc9dfc63848616719165eca43c62242(1).jpg,309.962,516.347,327.261,566.699,J20
ccc9dfc63848616719165eca43c62242(2).jpg,365.228,124.049,383.967,189.303,J20
ccc9dfc63848616719165eca43c62242(3).jpg,289.87,693.738,308.997,734.114,J20
ccc9dfc63848616719165eca43c62242(4).jpg,301.732,724.732,320.717,770.351,J20
ccc9dfc63848616719165eca43c62242(5).jpg,345.727,821.271,365.351,873.328,J20
ccc9dfc63848616719165eca43c62242(6).jpg,334.23,332.182,351.589,388.741,J20
ccc9dfc63848616719165eca43c62242(7).jpg,323.009,764.042,340.162,815.712,J20
cd290725f5730032df2997756899292e.jpg,458.841,1807.41,1319.81,2328.95,Mirage2000
cd35eb002404af29580b2cba320a1178(1).jpg,302.323,420.588,406.578,981.086,J20
cd6ae34056ac9c85015b51bd1cb660cc.jpg,226.637,2728.42,986.023,3509.13,B2
cd898b80e8e6d5e293d2b64e0463d40d.jpg,225.587,56.6254,483.054,892.859,Mirage2000
cdab7da51de22f6a4bba3379f16a0aaf.jpg,125.232,484.188,138.659,528.369,B52
cdb41f11bd6f988bdaaa79f7752aa0a8(1).jpg,104.49,102.336,660.58,913.335,J20
cdb41f11bd6f988bdaaa79f7752aa0a8(2).jpg,102.784,448.258,658.611,916.471,J20
cdb810ba1c99c7f417c635235525b21a.jpg,284.679,159.353,442.074,746.569,F14
cdd0a94b86c6f17e715f5207d19cfc0b(2).jpg,377.182,0.311945,456.664,70.1449,Tornado
cde476603a456290e76f3b68dcc0699a(1).jpg,1300.99,776.475,1356.34,840.557,Tornado
cde476603a456290e76f3b68dcc0699a(2).jpg,284.071,242.745,338.546,307.278,Tornado
cde476603a456290e76f3b68dcc0699a(3).jpg,283.958,242.399,337.646,308.304,B52
ce94293b0de266ea7472fff922ccd9d3.jpg,295.212,9.90312,637.873,674.275,JAS39
ceed7f8f9e78319d7aaedb0eeb25a1e9.jpg,1431.37,2048.48,1499.84,2308.07,E2
cf10284c3c11257f0d46d843adbcb18c.jpg,355.876,17.7929,894.252,1782.73,E2
cf1f19fb6737f7419ce449ca0f0737cd.jpg,225.12,0.0,1262.44,1130.95,B2
cfb97ffd43cd0031379a4a50a44eed3a.jpg,244.779,418.553,338.66,594.636,B52
cffcb2ffc8d9b3af45712136debee081.jpg,939.275,1234.52,1165.08,1640.93,E2
d0af7bcd9a2208350f47a9611e96d2e1.jpg,715.547,87.1675,1755.49,2267.3,JAS39
d0b1c7c3e43c07223ca5169fb4eb1054(1).jpg,642.158,766.214,1075.67,2258.1,F14
d0b1c7c3e43c07223ca5169fb4eb1054(2).jpg,417.118,1500.25,677.724,2162.16,F14
d0b1c7c3e43c07223ca5169fb4eb1054(3).jpg,653.29,770.335,1061.33,1769.12,F14
d0b1c7c3e43c07223ca5169fb4eb1054(4).jpg,414.599,1504.92,680.506,2166.4,J20
d0bb0b9c45054d301b8ce59316e336a3(1).jpg,152.28,388.002,267.633,432.561,B2
d0bb0b9c45054d301b8ce59316e336a3(2).jpg,312.829,108.927,427.551,154.984,B2
d0bb0b9c45054d301b8ce59316e336a3(3).jpg,150.42,98.0948,266.109,145.336,B2
d1a1332352000f01f2521e9aa5102186.jpg,1120.39,703.434,2082.23,1899.4,E2
d1ac470de8df7b670b3ae8fff7b647c0.jpg,602.597,1368.77,1973.11,2438.4,E2
d1b4ac84e1000ed524cfe8838dc14df8.jpg,1319.9,3.05879,2007.6,2593.64,B52
d1ff004e8a51eccad3800a330b894269.jpg,219.685,260.704,1180.79,1436.84,E2
d20a02d35dd3902ac74ea9efb4537c67.jpg,499.568,157.041,1634.52,3172.36,Tornado
d217f99646f609083387edcd1ba6e6e7.jpg,236.336,94.5215,353.118,579.671,B52
d21ce6231814a7818e0f02d64d90f637(1).jpg,1428.81,2120.26,2234.32,4445.31,Tornado
d21ce6231814a7818e0f02d64d90f637(2).jpg,2230.58,2796.36,2976.2,5043.03,Tornado
d21ce6231814a7818e0f02d64d90f637(3).jpg,364.414,1547.98,1188.92,3891.58,Tornado
d21d92d5810a4765c5a74055335149e5.jpg,14.1786,419.55,163.872,507.687,JAS39
d2353274663747bead7192ebdd503dd2(1).jpg,880.377,805.21,976.547,1183.19,F14
d2353274663747bead7192ebdd503dd2(2).jpg,1054.93,826.77,1147.96,1204.4,F14
d2353274663747bead7192ebdd503dd2(3).jpg,908.182,391.286,1000.36,743.919,F14
d2353274663747bead7192ebdd503dd2(4).jpg,797.015,460.43,897.186,836.357,F14
d2f2306a91a4c9809aff31f90ef1a76b(1).jpg,1271.94,1999.32,1977.85,2331.27,E2
d2f2306a91a4c9809aff31f90ef1a76b(2).jpg,1309.61,1949.52,2033.31,2299.71,E2
d2f2c0d1c0d1684598f0d1ad2b64775e.jpg,1358.72,2005.72,1461.69,2385.69,E2
d3c3e2551fc17d45c6ac4bb505a045ad.jpg,94.4743,17.1559,541.392,1024.0,Tornado
d40f0c9750e508349ad78753a4e3f424(1).jpg,244.314,302.555,284.902,402.202,J20
d40f0c9750e508349ad78753a4e3f424(2).jpg,243.969,298.448,284.821,405.67,JAS39
d41a3c0ac42e993246d02209b682a106.jpg,41.0771,50.9513,586.884,431.506,JAS39
d43f0dc498092f2d09562aa943a91e2e(1).jpg,470.328,610.156,629.22,1095.51,E2
d43f0dc498092f2d09562aa943a91e2e(2).jpg,514.184,420.781,569.31,566.184,E2
d4a19e6524ed06786bc75802388069cd.jpg,38.3194,49.2778,3194.27,4319.8,Tornado
d4de686511f6a8ab17416672def2bc8a(1).jpg,389.45,654.77,587.777,960.318,Mirage2000
d4de686511f6a8ab17416672def2bc8a(10).jpg,303.397,319.469,351.85,396.609,Mirage2000
d4de686511f6a8ab17416672def2bc8a(11).jpg,315.604,583.847,374.271,688.188,Mirage2000
d4de686511f6a8ab17416672def2bc8a(12).jpg,318.821,217.135,391.385,339.628,Mirage2000
d4de686511f6a8ab17416672def2bc8a(13).jpg,332.696,317.28,426.858,469.111,Mirage2000
d4de686511f6a8ab17416672def2bc8a(14).jpg,310.276,378.072,372.797,488.428,Mirage2000
d4de686511f6a8ab17416672def2bc8a(15).jpg,308.891,679.081,358.793,781.312,Mirage2000
d4de686511f6a8ab17416672def2bc8a(16).jpg,223.308,0.297751,267.202,131.189,B52
d4de686511f6a8ab17416672def2bc8a(17).jpg,297.06,663.019,357.463,773.832,Mirage2000
d4de686511f6a8ab17416672def2bc8a(2).jpg,347.899,2.58362,477.307,223.05,Mirage2000
d4de686511f6a8ab17416672def2bc8a(3).jpg,386.393,81.2787,580.55,391.817,Mirage2000
d4de686511f6a8ab17416672def2bc8a(4).jpg,351.861,863.865,488.424,1078.83,Mirage2000
d4de686511f6a8ab17416672def2bc8a(5).jpg,328.89,602.585,429.374,773.33,Mirage2000
d4de686511f6a8ab17416672def2bc8a(6).jpg,355.781,436.459,480.115,640.408,Mirage2000
d4de686511f6a8ab17416672def2bc8a(7).jpg,506.087,253.324,865.355,816.627,Mirage2000
d4de686511f6a8ab17416672def2bc8a(8).jpg,324.166,477.799,393.381,604.164,Mirage2000
d4de686511f6a8ab17416672def2bc8a(9).jpg,323.13,735.484,399.993,869.348,Mirage2000
d567827d95dfc691403ab2840d75471f(1).jpg,1210.66,1273.05,1559.74,2721.44,E2
d567827d95dfc691403ab2840d75471f(2).jpg,1349.96,456.066,1589.97,1483.14,E2
d567827d95dfc691403ab2840d75471f(3).jpg,1493.15,2591.99,1762.08,3640.68,E2
d567827d95dfc691403ab2840d75471f(4).jpg,1418.81,74.4517,1609.92,748.896,E2
d567827d95dfc691403ab2840d75471f(5).jpg,1477.44,3547.9,1670.12,4257.86,E2
d57384bbebb1e98866555caefd4a2f4c(1).jpg,196.213,291.345,241.045,339.048,B2
d57384bbebb1e98866555caefd4a2f4c(2).jpg,363.209,199.728,914.195,536.862,Tornado
d58092463a49b6764a6f339d1c4e60da.jpg,177.795,24.386,573.92,1018.67,JAS39
d586fc3dc9ac001ee1ee658309973b24(1).jpg,961.074,177.93,1274.81,1216.91,J20
d586fc3dc9ac001ee1ee658309973b24(2).jpg,654.482,1641.53,1011.69,2664.87,J20
d5a82e9cf79480ad025174917840649f.jpg,1083.26,178.242,1401.82,2707.49,B2
d5b9e9d684268bf210815ce4d8e09102.jpg,268.323,27.1204,699.254,1699.65,B52
d6244a7b3e7a6a33c765c90573dfc35f.jpg,125.175,119.181,384.371,783.91,J20
d67791448dc68a59a70c54cba4d545f5(1).jpg,557.823,81.9949,1222.54,1022.12,B2
d67791448dc68a59a70c54cba4d545f5(2).jpg,565.947,312.381,773.957,1004.61,B2
d6819ed22c6032216593e1b6f53a5eae(1).jpg,217.76,144.562,429.639,432.847,F14
d6819ed22c6032216593e1b6f53a5eae(2).jpg,339.176,361.081,797.277,965.275,F14
d6e49c19b398679cf1225820d8675655(1).jpg,222.867,457.056,355.779,796.488,J20
d6e49c19b398679cf1225820d8675655(2).jpg,795.485,205.923,883.731,495.726,J20
d6e49c19b398679cf1225820d8675655(3).jpg,242.25,1394.32,358.503,1702.15,J20
d6e49c19b398679cf1225820d8675655(4).jpg,590.831,286.233,691.919,597.48,J20
d6e8b5525aaace00a7d9f6eb8834da90.jpg,453.17,1327.85,540.671,1610.79,F14
d6f2f15cb09026ee74d9227065ebdd6c(1).jpg,288.552,3.50209,965.693,635.322,B2
d6f2f15cb09026ee74d9227065ebdd6c(2).jpg,280.072,6.57507,955.28,640.0,B52
d78fba36df694d81eddc174e9a0c969a(1).jpg,1147.95,1755.56,1937.1,2047.57,E2
d78fba36df694d81eddc174e9a0c969a(2).jpg,1150.01,1783.38,1907.53,2151.34,E2
d7a3259fee34d4e2e25c2d92f5375588.jpg,492.481,552.806,768.996,1224.79,JAS39
d7b12d9fdf2badb8ab17b895b8f1694e(1).jpg,1838.48,2593.2,2415.68,3836.25,Tornado
d7b12d9fdf2badb8ab17b895b8f1694e(2).jpg,1976.9,5023.61,2264.01,5579.5,Tornado
d7feca54a66331f446666f0c30c03747.jpg,631.674,23.724,2100.0,1539.09,F14
d807d842547c54c6f22aecf48999d4a5(2).jpg,1887.28,2127.43,2070.71,2354.17,JAS39
d842fbfa0d799862b00a11fd7b898adc.jpg,358.277,856.334,875.286,2234.84,JAS39
d8baae4cb51e599eafe1e985ecac7c77.jpg,2133.17,3700.16,2633.68,4971.84,E2
d8bc098c72dcb2f497f346f7e44f4f85.jpg,0.0,0.0,1927.07,2568.69,B52
d8fa9996416282e57590941f806bb6e1.jpg,352.558,422.476,862.457,1920.0,B52
d92ddbe4955c3f4229517dde850f98bb(1).jpg,1308.76,2618.7,1580.53,3395.05,Tornado
d92ddbe4955c3f4229517dde850f98bb(2).jpg,993.102,1480.42,1288.48,2330.73,Tornado
d962e3c9d429b151e34425970d9e1c4f(1).jpg,500.053,312.411,559.513,435.489,B2
d962e3c9d429b151e34425970d9e1c4f(2).jpg,499.682,279.752,631.792,436.646,B2
d962e3c9d429b151e34425970d9e1c4f(3).jpg,499.021,286.635,585.78,437.617,B2
d962e3c9d429b151e34425970d9e1c4f(4).jpg,519.435,308.23,558.694,437.898,B2
d9b3737ce8dadd6430bbf5437f530b12.jpg,1135.56,1615.22,1382.79,2432.29,B52
d9ce6b5bf866914e0c03a5940a80fe98.jpg,388.197,110.094,739.985,620.088,F14
da11e8cd1811acb79ccf0fd62cd58f86.jpg,524.617,3.03882,626.032,271.396,J20
da217af74df504d5e0b62b761ddc8301(1).jpg,324.11,371.677,411.619,674.624,B52
da217af74df504d5e0b62b761ddc8301(2).jpg,447.088,304.625,487.415,409.793,JAS39
da217af74df504d5e0b62b761ddc8301(3).jpg,303.345,741.776,333.673,830.204,JAS39
da3b3f3e28a9153a69b012bfe88dd37a.jpg,148.119,0.0,3595.6,2907.98,Tornado
da4c490c085fad6636daaf1d1e95edd0.jpg,171.665,7.56449,471.071,918.911,F14
da4dbaed276586222d449a9e7c7c9e57(1).jpg,383.633,1003.47,508.925,1764.81,B2
da4dbaed276586222d449a9e7c7c9e57(2).jpg,185.723,1.26195,263.526,227.708,JAS39
da5ab910df07a46af2e07e46d4796da5.jpg,99.3656,28.0425,601.815,1200.0,JAS39
da9fb2e0c5a9d48082460b6348ff5fb6(1).jpg,549.404,2842.27,761.053,3607.47,B52
da9fb2e0c5a9d48082460b6348ff5fb6(2).jpg,439.716,1207.53,566.238,1708.39,B52
da9fb2e0c5a9d48082460b6348ff5fb6(3).jpg,792.495,174.181,1119.23,1345.65,B52
da9fb2e0c5a9d48082460b6348ff5fb6(4).jpg,658.971,3284.77,952.27,4096.0,B52
da9fb2e0c5a9d48082460b6348ff5fb6(5).jpg,404.623,2354.88,505.895,2766.54,B52
daadbc39aa4ee1bf0ae95bd6fc482433(1).jpg,80.6372,134.697,309.09,596.324,Tornado
daadbc39aa4ee1bf0ae95bd6fc482433(2).jpg,422.488,622.41,760.143,1120.18,Tornado
dac7998c96f8f36cfb0dede8e13052aa.jpg,961.349,1423.46,1331.9,1726.75,B2
dae2b250fc8262753b2d347c720949b3.jpg,306.716,260.577,986.76,1822.37,JAS39
daea0ddf5dc5376f4a6fdd8fd11d304c.jpg,81.3926,0.602148,578.474,1024.0,Tornado
daf46686b0250ec2e3dcc26d2a110d95(1).jpg,223.793,590.63,282.79,842.444,F14
daf46686b0250ec2e3dcc26d2a110d95(2).jpg,1372.37,62.1802,1448.66,119.645,F14
db08f45ff248c642ca2527b94bb6a525(1).jpg,399.901,391.987,581.68,658.748,JAS39
db08f45ff248c642ca2527b94bb6a525(2).jpg,1023.31,286.854,1243.8,857.179,JAS39
db08f45ff248c642ca2527b94bb6a525(3).jpg,667.448,111.515,871.962,467.663,JAS39
db08f45ff248c642ca2527b94bb6a525(4).jpg,221.807,564.518,372.085,848.214,JAS39
db08f45ff248c642ca2527b94bb6a525(5).jpg,1133.96,887.989,1203.21,1080.0,B52
db518fc51cd783ab7fde56a1fd2d1564(1).jpg,555.724,790.662,652.15,1000.36,E2
db518fc51cd783ab7fde56a1fd2d1564(2).jpg,808.871,767.034,909.862,988.994,E2
db518fc51cd783ab7fde56a1fd2d1564(3).jpg,1071.35,747.279,1175.75,954.303,E2
db518fc51cd783ab7fde56a1fd2d1564(4).jpg,537.209,2028.3,742.738,2237.25,E2
db518fc51cd783ab7fde56a1fd2d1564(5).jpg,570.679,1413.3,667.667,1610.46,E2
db65762f3f3b8afda183f49209fe1957(1).jpg,1473.27,16.0328,1600.67,201.124,B52
db65762f3f3b8afda183f49209fe1957(3).jpg,1470.59,36.7281,1577.81,197.407,B52
db65762f3f3b8afda183f49209fe1957(4).jpg,953.188,245.103,1075.04,435.277,B52
dba9de6093cc754f3577ba65ed651146.jpg,70.8939,120.465,210.471,369.202,B52
dc3cd95cb9cbcf3731cda58980b21942(1).jpg,511.374,409.977,846.906,590.279,J20
dc3cd95cb9cbcf3731cda58980b21942(2).jpg,417.419,71.8162,742.838,243.13,J20
dc70e88d5cab5bb085e9997c650107bd.jpg,195.681,650.92,447.816,802.94,JAS39
dc7418c4b49fca1648d4d63d3785f271(1).jpg,353.64,1258.15,386.807,1347.07,Tornado
dc7418c4b49fca1648d4d63d3785f271(2).jpg,367.302,1843.91,485.091,2046.43,E2
dc7418c4b49fca1648d4d63d3785f271(3).jpg,382.448,537.992,422.267,674.908,Tornado
dcb8328c3ea2fd010e071368fda0d7e1.jpg,62.6485,234.91,666.474,880.182,B52
dcc93800ebd5110abe180d2041ebd04d(1).jpg,462.517,577.776,807.896,2139.92,B52
dcc93800ebd5110abe180d2041ebd04d(2).jpg,533.506,1956.54,583.82,2062.16,B52
dcc93800ebd5110abe180d2041ebd04d(3).jpg,565.475,2260.5,609.332,2363.97,B52
dcf0dcbfe9bf5fa3df17a782fb2dc00c.jpg,86.5428,9.55765,791.989,1200.0,E2
dd68429d2f97adbd4f325fb1b9160432.jpg,113.827,64.944,253.687,1000.0,B2
dd9de2f34fa0bfc859fdb0a0595ac18d(2).jpg,977.287,426.8,1155.39,513.365,E2
dd9de2f34fa0bfc859fdb0a0595ac18d(3).jpg,5.37065,0.0,848.351,597.817,E2
de21380131105284fbb94998dbc0b8b8.jpg,591.308,1004.85,636.672,1041.4,Tornado
dec513081838251c0a0ae65b273fe592.jpg,980.2,1397.58,1830.97,3687.94,JAS39
df4a1c6880aea2e399ea8367a78058ce(1).jpg,129.11,63.6138,631.88,392.457,J20
df4a1c6880aea2e399ea8367a78058ce(2).jpg,50.22,719.5,566.929,1087.67,J20
df7f3061133b071c018351d9e0124168.jpg,176.876,76.0044,274.413,525.97,B2
dfc163e69b037bfcea66e6a544dc610e.jpg,1045.16,2232.28,1193.1,2763.26,B52
dff8780d30cc2bfd9b0d05e5da105a57(3).jpg,665.631,230.858,1255.63,1008.7,F14
e018e6f5a3581dfa3ad67ef9c4ed7094.jpg,665.307,1377.2,1099.02,2859.34,JAS39
e027a2d3b5682a2a1bbb292a9c34cecc.jpg,707.21,1234.01,820.454,1692.95,B52
e03bf75ae798616ca515d2d862682a1b.jpg,673.792,174.487,697.87,455.957,B2
e06559db2f20b00d9e6354c81bc1f3f6.jpg,1185.44,1771.33,1495.31,2264.3,Tornado
e07eca0bdd5405ad983ca0673b2d9108.jpg,366.05,51.4215,631.913,1197.03,B52
e09805b11b0bc491bdb35eea7d028ce5.jpg,224.303,39.3476,751.093,1380.41,J20
e0b823b15eec32b382893a0c5772c182(1).jpg,1247.29,530.047,1514.7,979.405,J20
e0b823b15eec32b382893a0c5772c182(2).jpg,212.459,1499.46,473.687,1941.61,J20
e12c8f90c8ed2b0822ec5835df8ae1da.jpg,28.081,352.311,89.1962,671.598,B52
e133733045cff868e46cce0657e86ce0.jpg,405.054,459.825,470.72,668.584,E2
e18d03cc25060fb82286c7ed059d7a8f.jpg,518.523,795.144,798.902,1346.18,B2
e1bfecd0e4388f44e071c0dbf5d5eb6c(1).jpg,923.621,557.972,995.763,724.725,J20
e1bfecd0e4388f44e071c0dbf5d5eb6c(2).jpg,923.335,558.862,995.19,726.871,JAS39
e208f9f56b490d118d61652bc55503cc.jpg,65.069,251.18,549.078,1133.47,JAS39
e20a19b0bcfded22626b2aae02dabda5.jpg,409.091,123.293,806.645,1846.99,J20
e239ec257cf39a235b6e2578db32e668.jpg,315.959,299.377,484.719,513.713,JAS39
e2b39652ad8f18e94e90fed5fe6c312c.jpg,11.2758,602.497,2288.82,3341.17,Tornado
e2db0f002f8f9759945bccc7a5298e0e.jpg,2317.51,3013.31,2385.33,3274.66,B52
e2fb56fb2a586b0e3ba99651aa6504ab.jpg,174.958,334.806,330.167,593.761,B52
e32b138d5ca408ff316bc2c08da57157.jpg,801.658,1331.62,870.243,1631.07,B52
e36d45b733d1d9b7404c3dc8e329bf06.jpg,657.359,316.608,1049.5,1382.89,Tornado
e377dc8b82c38744de3915a369082237.jpg,388.842,253.884,841.181,1475.31,Mirage2000
e3819a78bd92e9231c544a7b2cfcc074.jpg,813.814,2110.51,1057.97,2732.45,E2
e383546f94aa51f5af403dcca39ebfe5.jpg,292.531,375.752,350.716,521.258,F14
e3c06f975f9dd26b2dbb128488d24270.jpg,219.518,783.285,471.248,1620.0,J20
e49f65d5925d97c8c12ae43cae94bdd4.jpg,569.872,598.451,863.515,1197.8,JAS39
e4eda3f21179b7103515c9d11326dc5b(1).jpg,65.243,34.2478,509.193,641.401,F14
e4eda3f21179b7103515c9d11326dc5b(2).jpg,72.1844,34.9412,514.699,690.566,Tornado
e582ac2ff2f1f549b82ee9b4e5db7cb0(1).jpg,593.711,1635.96,686.78,1712.25,Tornado
e582ac2ff2f1f549b82ee9b4e5db7cb0(2).jpg,508.582,269.508,596.667,344.977,Tornado
e582ac2ff2f1f549b82ee9b4e5db7cb0(3).jpg,1046.88,851.279,1147.42,928.02,Tornado
e5909ea4e2baeab6dd9b0c6d67c22a8d(1).jpg,127.465,187.34,351.629,690.341,JAS39
e5909ea4e2baeab6dd9b0c6d67c22a8d(2).jpg,256.102,0.0,529.464,645.959,JAS39
e5909ea4e2baeab6dd9b0c6d67c22a8d(3).jpg,61.3819,293.722,230.99,721.009,JAS39
e5909ea4e2baeab6dd9b0c6d67c22a8d(4).jpg,0.0,394.199,138.6,724.432,JAS39
e5d4ef3788caf3c96bce7a87106a05f0(1).jpg,261.099,625.68,426.2,1100.58,J20
e5d4ef3788caf3c96bce7a87106a05f0(2).jpg,312.843,282.774,408.22,565.549,J20
e5d4ef3788caf3c96bce7a87106a05f0(3).jpg,346.005,29.1231,398.346,149.851,J20
e5d4ef3788caf3c96bce7a87106a05f0(4).jpg,328.833,165.687,404.169,370.75,J20
e5d4ef3788caf3c96bce7a87106a05f0(5).jpg,340.415,92.9461,400.075,231.675,J20
e5d4ef3788caf3c96bce7a87106a05f0(6).jpg,333.318,128.243,400.91,239.261,J20
e62652fbedf0f18d75c5c6f19ecf7f4c(2).jpg,355.125,245.108,756.455,1793.79,F14
e639a5932152b28fe60c73575856553e(1).jpg,296.148,1189.04,555.378,1743.82,J20
e639a5932152b28fe60c73575856553e(2).jpg,365.599,240.516,670.415,831.427,J20
e69ce473852ac940b1a822e0fa5da268(1).jpg,651.547,725.2,762.52,1197.57,B52
e69ce473852ac940b1a822e0fa5da268(2).jpg,649.407,716.336,762.599,1197.49,JAS39
e6b732c9c19511ec655019b7c48a3ace.jpg,364.342,978.029,1667.4,2488.21,B52
e711bf8026c3c407903245da80dead12.jpg,649.619,204.022,1025.57,1031.97,Tornado
e73b063c465abc76a16dc3f12c02c214(1).jpg,80.0915,906.109,245.001,1507.6,J20
e73b063c465abc76a16dc3f12c02c214(2).jpg,335.161,49.6158,478.907,581.776,J20
e73b063c465abc76a16dc3f12c02c214(3).jpg,789.149,900.337,899.318,1377.33,J20
e73b063c465abc76a16dc3f12c02c214(4).jpg,1049.57,1470.48,1136.33,1904.82,J20
e73b063c465abc76a16dc3f12c02c214(5).jpg,1046.97,1462.09,1138.7,1904.9,Mirage2000
e7776d8f953e1073807a949239803770.jpg,92.1536,0.0,502.706,957.818,J20
e830e1b3ff375bc14a2aaeb6251dee9e.jpg,447.399,698.311,1299.94,2083.23,J20
e8847910420ece97dc7260d130cf7542(1).jpg,1279.37,92.9204,1567.04,987.313,E2
e8847910420ece97dc7260d130cf7542(2).jpg,1121.98,845.328,1240.45,1241.43,F14
e8a9e9bcbad61da15758caf9227c3079.jpg,1183.76,2048.34,1756.24,2420.27,E2
e8c1d1a95dd56772455c2809aa3d0afa(1).jpg,1060.88,1284.43,1151.29,1555.05,Tornado
e8c1d1a95dd56772455c2809aa3d0afa(2).jpg,938.226,1555.49,1024.7,1814.08,Tornado
e8c1d1a95dd56772455c2809aa3d0afa(3).jpg,1025.72,2621.23,1115.29,2886.93,Tornado
e8c1d1a95dd56772455c2809aa3d0afa(4).jpg,1167.52,2930.1,1256.27,3192.65,Tornado
e8c1d1a95dd56772455c2809aa3d0afa(5).jpg,896.338,2259.8,989.999,2530.6,Tornado
e8c1d1a95dd56772455c2809aa3d0afa(6).jpg,759.397,1861.29,846.818,2128.36,Tornado
e8c1d1a95dd56772455c2809aa3d0afa(7).jpg,1245.48,962.934,1330.07,1213.68,Tornado
e8c1d1a95dd56772455c2809aa3d0afa(8).jpg,1357.86,2345.58,1429.25,2568.99,Tornado
e8c1d1a95dd56772455c2809aa3d0afa(9).jpg,1537.61,2385.25,1612.77,2600.86,Tornado
e8f07ecff8c18d74339f48ebecc4a6d3(1).jpg,168.41,210.729,360.349,811.066,B52
e8f07ecff8c18d74339f48ebecc4a6d3(2).jpg,569.719,72.076,609.6,401.937,B2
e8f07ecff8c18d74339f48ebecc4a6d3(3).jpg,452.955,725.068,479.943,815.789,B52
e924ee9cb3ee1843d7729e5c5725c402.jpg,580.692,898.061,770.402,1184.25,B2
e9405e03f81d84b9af6ec69a3498a128(1).jpg,8.13542,21.4899,463.089,532.842,Tornado
e9405e03f81d84b9af6ec69a3498a128(2).jpg,170.683,412.49,1133.95,890.783,Tornado
e98307956fcfd8999bf30ac94939a373.jpg,109.946,68.0366,946.815,1907.3,F14
ea1bdc95f220f321249a6b0d287904c2.jpg,1356.49,1296.24,1692.1,2170.81,Mirage2000
ea21390662b72b5f3a43912a49da8649.jpg,17.3524,7.33849,2339.4,2603.11,E2
ea6bb3ace2d3f5238ac7f3578442f487.jpg,667.298,115.974,755.035,737.158,B2
ea73dbe60eb15922ba89496f21855101.jpg,181.304,57.4307,724.916,1230.98,J20
eaa5de81f1070167cf79a6e3339e67fb.jpg,201.433,53.4407,589.763,1209.1,Tornado
eac3e9652b30c8ccc0b6d21f4285e755.jpg,1058.25,1597.02,1562.55,2561.83,JAS39
eaca57af350ae0e45224a1b789c38bb4(1).jpg,1032.95,1841.58,1138.18,2064.3,E2
eaca57af350ae0e45224a1b789c38bb4(2).jpg,758.743,1830.58,864.399,2057.17,E2
eaca57af350ae0e45224a1b789c38bb4(3).jpg,905.279,314.645,1009.14,550.691,E2
eaca57af350ae0e45224a1b789c38bb4(4).jpg,681.256,617.093,875.062,912.59,E2
eaca57af350ae0e45224a1b789c38bb4(5).jpg,484.055,1829.13,594.288,2024.63,E2
ec75d7f7807d092c94fa3112142a09f8.jpg,256.079,175.85,531.248,687.896,JAS39
ec7d9999fc1f2d9bd3437063095582b4.jpg,276.186,737.474,969.205,2267.5,Tornado
ec8c0c5d6a2d8b5b19f7bd66498e09e1.jpg,876.96,1172.17,1238.95,2513.59,E2
ec955d0b3da037b69330cf35f6669858.jpg,360.599,508.359,418.306,753.917,B52
ec9753f26dd8d3e45a96405ff4103452.jpg,0.0,283.809,339.658,950.237,Mirage2000
ecd30f485a979134e01b202144c62bb1.jpg,169.376,56.264,494.846,882.188,E2
ece3ce97061f6aa29e9d391c4ff11d5f(1).jpg,193.66,93.7649,513.733,907.68,Mirage2000
ece3ce97061f6aa29e9d391c4ff11d5f(2).jpg,297.477,443.048,603.254,1288.51,Mirage2000
ece3ce97061f6aa29e9d391c4ff11d5f(3).jpg,240.991,439.932,469.433,907.168,Mirage2000
ece3ce97061f6aa29e9d391c4ff11d5f(4).jpg,146.164,397.662,515.064,1081.61,Mirage2000
ecf8f54b638d3c76a1ceb3bc3c4c7c7a.jpg,925.524,1841.31,1015.73,2163.76,F14
ed30f9c9a4c5f14470da59091dd3fe23(1).jpg,856.054,2123.01,1276.63,3265.81,J20
ed30f9c9a4c5f14470da59091dd3fe23(2).jpg,1067.11,139.694,1437.57,1297.57,J20
ed341b4869b9a28787225c237b0ad9ae(1).jpg,1452.24,965.359,1694.95,2116.6,J20
ed341b4869b9a28787225c237b0ad9ae(2).jpg,1198.7,823.022,1375.81,1753.61,J20
ed341b4869b9a28787225c237b0ad9ae(3).jpg,1654.56,625.456,1987.24,2068.79,J20
ed341b4869b9a28787225c237b0ad9ae(4).jpg,2216.24,135.319,2689.33,2023.82,J20
ed7d417ca8934561c36a0e0b21e2c3f8(1).jpg,309.592,1002.8,331.706,1077.8,B52
ed7d417ca8934561c36a0e0b21e2c3f8(2).jpg,781.679,268.498,869.844,607.014,B2
ed87bfdcc458e9d1107ef549890e7289.jpg,1192.63,795.853,2055.81,2295.16,B2
edc45868cd25da67f12e4314bdc543e4.jpg,40.3281,1443.44,2331.71,2558.92,B2
ee403937f68cc8e22337975ad0005c15.jpg,153.697,403.776,589.059,1474.84,JAS39
ef1516a3cf919669220f3283835fc2b5.jpg,672.465,318.847,927.395,1000.28,J20
efa3d133b33bc9d4325c1e09640385f2.jpg,763.566,17.0228,2446.47,4015.64,Tornado
efca911b645363085bed35b107794842(1).jpg,357.42,1215.45,616.259,1787.98,Mirage2000
efca911b645363085bed35b107794842(2).jpg,124.173,1364.85,321.78,1699.34,Mirage2000
efcfde6a89b318da02d6d6db920efa31.jpg,349.224,650.829,612.92,838.593,JAS39
f00f2a14ad2661d4d3f7a2d2dffa719c.jpg,295.434,563.374,425.079,1020.97,E2
f028462528471182dc7a3772dd34409a(1).jpg,812.342,535.28,1762.08,3411.95,JAS39
f028462528471182dc7a3772dd34409a(2).jpg,550.989,1023.42,1258.04,3754.36,JAS39
f04d6305b6c87290bb03f100126d1b8f(1).jpg,53.7211,332.247,1518.56,832.188,Tornado
f04d6305b6c87290bb03f100126d1b8f(2).jpg,203.463,338.375,1745.28,849.911,F14
f082f96318f26785acacbec437fe6c24.jpg,494.599,1850.33,2829.94,2934.92,E2
f0cf3d3336c51b414564b7cbf91623fd.jpg,214.745,328.517,384.718,919.282,B2
f0db7c0ce9a8e8f65684db649fddb2a5(1).jpg,220.961,559.149,606.072,1318.26,J20
f0db7c0ce9a8e8f65684db649fddb2a5(2).jpg,693.813,1179.18,1099.5,1661.66,J20
f151d4116a34aba0408e6a3aef26a3e3.jpg,102.309,0.0,388.857,956.742,B2
f18a14362fb4e6357037228414c2dd56.jpg,382.703,112.795,736.018,615.503,Mirage2000
f190931ba0e63f224327c38912c6d69b(1).jpg,984.704,1616.07,1283.33,2330.03,Tornado
f190931ba0e63f224327c38912c6d69b(2).jpg,979.514,2853.87,1282.05,3610.49,Tornado
f190931ba0e63f224327c38912c6d69b(3).jpg,937.459,0.0,1262.46,610.97,B52
f1ec6ced87d5ce08aacb9216ad12b519.jpg,149.213,0.0,2028.93,4153.11,Tornado
f23f302dc71feba6a7ca84aedcd65dcb.jpg,1357.86,778.276,1529.33,1406.78,F14
f27b77dd91b01bc666b797d11e3edc4e.jpg,614.186,686.838,802.295,1896.18,B2
f354d2924bf291d7617a29bef906699f(1).jpg,1087.8,2125.0,1991.48,2850.6,Tornado
f354d2924bf291d7617a29bef906699f(2).jpg,1089.5,2127.87,2000.98,2840.95,F14
f370fbd635b8f04c778b9268ea1af66b(1).jpg,684.363,1048.78,835.342,1570.83,JAS39
f370fbd635b8f04c778b9268ea1af66b(2).jpg,562.636,542.058,731.025,1062.81,JAS39
f3a57c91dee002f3c9672c67d7729872.jpg,0.0,629.156,395.983,1281.03,Mirage2000
f44c672cfa9f8f7636dfcc81886e9065.jpg,695.348,705.404,909.189,1191.68,B52
f451bbde253b78b4b70743b04ab2dfa9.jpg,414.966,529.192,775.535,1370.89,Tornado
f4716f26829839c512d87e700d831eaa(1).jpg,84.9445,48.7262,1520.29,2048.0,F14
f4716f26829839c512d87e700d831eaa(2).jpg,1474.71,0.766309,1537.17,233.332,B2
f4feb44cfea7fdcdbc3e6c9372320bea.jpg,100.142,119.715,333.842,540.236,J20
f5056c57636faff5dcce153431f3ef85.jpg,802.171,249.175,1063.12,996.526,F14
f51b4f8c27775fe7e3ab4f163143465d.jpg,148.208,2.98943,450.0,800.0,B2
f54b622174f007316768cfdd22a30639.jpg,69.0671,30.2507,802.703,1737.77,Tornado
f55d20ea9468d336a97ec3e2e590b41e(1).jpg,287.368,459.057,461.018,598.926,J20
f55d20ea9468d336a97ec3e2e590b41e(2).jpg,255.456,328.04,428.32,456.066,J20
f5c0a334f75cbb63bba86eb3222a43b5.jpg,102.3,50.3189,471.652,988.587,Tornado
f5cf6dfd188d71191d2d8e2975e45ecb.jpg,267.991,58.9577,593.753,1002.04,Tornado
f5d25f33689e16803b1d9975f4387873.jpg,1505.76,1755.85,1693.75,2268.93,E2
f5ddd3d5576e1c361c69f7e7e9fc6ddc(2).jpg,451.668,824.137,537.392,1070.0,JAS39
f5e6007d2207a0f932ae51bb7a9e3e94.jpg,393.087,37.5796,443.661,331.956,B2
f5f01d44ecd56b5b3253eb35c266870e(1).jpg,222.439,439.258,316.067,578.538,F14
f5f01d44ecd56b5b3253eb35c266870e(10).jpg,681.279,540.772,755.284,673.478,F14
f5f01d44ecd56b5b3253eb35c266870e(11).jpg,450.595,1438.85,532.263,1563.91,F14
f5f01d44ecd56b5b3253eb35c266870e(12).jpg,849.397,862.065,916.647,982.062,F14
f5f01d44ecd56b5b3253eb35c266870e(13).jpg,897.788,329.597,964.317,462.194,F14
f5f01d44ecd56b5b3253eb35c266870e(14).jpg,328.141,690.466,415.847,823.725,F14
f5f01d44ecd56b5b3253eb35c266870e(15).jpg,647.048,961.701,723.387,1080.36,F14
f5f01d44ecd56b5b3253eb35c266870e(16).jpg,611.124,334.257,685.974,467.362,F14
f5f01d44ecd56b5b3253eb35c266870e(17).jpg,612.811,1336.6,686.378,1457.73,F14
f5f01d44ecd56b5b3253eb35c266870e(18).jpg,860.808,1103.7,923.55,1219.14,F14
f5f01d44ecd56b5b3253eb35c266870e(19).jpg,828.649,1215.1,898.082,1331.53,F14
f5f01d44ecd56b5b3253eb35c266870e(2).jpg,167.241,726.193,259.69,864.88,F14
f5f01d44ecd56b5b3253eb35c266870e(3).jpg,84.0725,520.08,174.457,665.294,F14
f5f01d44ecd56b5b3253eb35c266870e(4).jpg,462.706,395.358,540.58,528.244,F14
f5f01d44ecd56b5b3253eb35c266870e(5).jpg,322.375,1151.73,410.103,1282.6,F14
f5f01d44ecd56b5b3253eb35c266870e(6).jpg,941.08,30.1361,1009.02,161.806,F14
f5f01d44ecd56b5b3253eb35c266870e(7).jpg,538.219,566.912,609.861,702.735,F14
f5f01d44ecd56b5b3253eb35c266870e(8).jpg,521.523,991.053,598.916,1124.98,F14
f5f01d44ecd56b5b3253eb35c266870e(9).jpg,818.397,125.898,888.478,257.044,F14
f5f652fb7e6b301173918c7e55cb5734(1).jpg,224.918,19.8019,480.879,652.576,Mirage2000
f5f652fb7e6b301173918c7e55cb5734(2).jpg,270.125,491.269,486.487,785.446,Mirage2000
f5f652fb7e6b301173918c7e55cb5734(3).jpg,261.432,359.449,484.892,789.141,Mirage2000
f612a3684f5775b0c6ba643295a327cd.jpg,40.3658,318.92,206.978,598.084,F14
f6230df97600c1a1e3c63d72900af19f.jpg,379.232,635.99,755.986,1216.46,JAS39
f643848baf804f87bcf848af082be805(1).jpg,443.235,89.4489,716.496,1093.64,JAS39
f643848baf804f87bcf848af082be805(2).jpg,584.952,925.208,853.473,1815.68,JAS39
f64c6607e6ea272172ce4456a5814800.jpg,471.84,1388.67,727.031,1540.0,F14
f65c1cdc5597c27fb9158d8254863000(1).jpg,264.813,911.843,314.626,1112.08,B52
f65c1cdc5597c27fb9158d8254863000(2).jpg,464.317,56.4037,574.983,490.509,B52
f69cf468fc7e3ad9a6c357398e25acba(1).jpg,113.087,880.027,136.497,954.661,B52
f69cf468fc7e3ad9a6c357398e25acba(2).jpg,113.543,877.996,135.758,955.097,B2
f6aa938d3736a04d33264ae5b0f94399(1).jpg,329.851,490.809,468.867,716.064,JAS39
f6aa938d3736a04d33264ae5b0f94399(2).jpg,171.628,148.081,294.152,222.55,JAS39
f6aa938d3736a04d33264ae5b0f94399(3).jpg,286.031,860.195,414.74,1194.63,JAS39
f6c6d614cee07a4b3e6c98df5b53ee06.jpg,875.96,900.462,1279.36,2184.07,Tornado
f6e891b393c20d89417d8c7ff1e0ec6c.jpg,54.7506,92.5564,566.437,997.942,B2
f700711b0ab8876bea337453639c9530(1).jpg,508.863,335.729,666.79,685.814,Tornado
f700711b0ab8876bea337453639c9530(2).jpg,453.197,1226.82,731.754,2024.51,Tornado
f71bae3d20ed32121d8c6a740993648f(1).jpg,175.815,260.249,1319.92,1441.48,Tornado
f71bae3d20ed32121d8c6a740993648f(2).jpg,746.031,1712.6,1852.05,2871.84,Tornado
f73f0893d11b3332526446afb4eab7e7.jpg,1527.15,1823.86,1889.94,2627.12,Mirage2000
f7677e272036aafc7d5b7f5e5f7ced66.jpg,248.591,214.23,927.402,1643.68,Tornado
f7680d3bef8b360568b8567b298d0ad8.jpg,388.803,0.0,793.727,1017.01,B52
f775965fef62fc862be7adfd5ac95f56.jpg,531.343,2058.18,735.754,2684.27,JAS39
f7794fc3856dac21fe9a22860ff264cf(1).jpg,147.626,17.0765,577.856,1154.57,Tornado
f7794fc3856dac21fe9a22860ff264cf(2).jpg,232.134,163.623,368.704,495.19,Tornado
f7924f6ddd5f3e98ccd8255c10defff5(1).jpg,1304.87,2673.14,1619.37,3407.21,Mirage2000
f7924f6ddd5f3e98ccd8255c10defff5(2).jpg,1609.93,565.402,1917.1,1326.25,Mirage2000
f7a09e86afa8afd106d2d8366f31f948.jpg,565.699,703.255,922.96,875.04,F14
f7b9c73b236ac979e6cb819aeef63980.jpg,599.504,146.293,679.76,491.114,B2
f7c62a286033fb56e4bad39f7af1ea99(1).jpg,110.647,694.319,173.601,893.042,B52
f7c62a286033fb56e4bad39f7af1ea99(2).jpg,108.42,813.687,169.574,974.989,B52
f7c62a286033fb56e4bad39f7af1ea99(3).jpg,108.456,694.927,174.416,970.778,B52
f7c62a286033fb56e4bad39f7af1ea99(4).jpg,245.494,45.0228,268.44,103.882,E2
f7f8104f5a6812572e8518cd01f62725.jpg,4.4292,23.2501,682.453,1274.6,B52
f8222d8760fe9b6a2d0493480a9615a9(2).jpg,319.445,1272.4,345.388,1356.0,E2
f831c685b47deaa037aa6afaf3a1b605.jpg,361.428,67.554,471.597,692.581,B2
f8bfcd1fd66e571360a5b9473cf520ad.jpg,180.434,94.296,725.864,1591.64,F14
f8c63c387412c6213a7bb4119256f8fc(1).jpg,626.418,1465.67,916.554,1919.29,B2
f8c63c387412c6213a7bb4119256f8fc(2).jpg,851.836,158.041,893.361,612.835,B2
f9104d55c88e3edd64b9c49d45c0fd31.jpg,520.653,733.975,1073.81,1764.09,JAS39
f924e7f4b8412cb6a30bb0f5ae2dee49.jpg,1501.11,983.879,2028.38,3469.59,B52
f9705db10d7ddf6d289584c25f2ae249(1).jpg,293.51,729.591,345.143,837.23,B2
f9705db10d7ddf6d289584c25f2ae249(2).jpg,1248.11,523.821,1385.76,827.762,JAS39
f98888bb14478fa9fe37b40f8ca70a34.jpg,85.7981,699.951,112.923,745.67,B52
fa3a5eb7358092ac42c6f73da6631a43(1).jpg,155.228,607.115,240.241,924.388,JAS39
fa3a5eb7358092ac42c6f73da6631a43(2).jpg,211.669,112.667,322.84,527.54,B52
fa3a5eb7358092ac42c6f73da6631a43(3).jpg,186.709,204.439,239.948,401.156,JAS39
fa3a5eb7358092ac42c6f73da6631a43(4).jpg,173.335,378.586,238.616,608.288,JAS39
fa3a5eb7358092ac42c6f73da6631a43(5).jpg,172.879,379.752,240.274,608.797,Mirage2000
fa8d03460825f6103f860a487ecda11c.jpg,16.6469,407.522,246.538,998.352,B2
faca834a15cf8565c8aefba266e2832e(1).jpg,94.2418,325.929,331.96,714.864,J20
faca834a15cf8565c8aefba266e2832e(2).jpg,95.3124,328.98,328.162,521.298,J20
fad20f6a1e292b0a46d596a782e8c04e.jpg,0.0,488.712,1847.03,4835.21,B52
fad51553fa5583cbf494ebf05f8ad000(1).jpg,449.272,66.8634,894.077,926.446,JAS39
fad51553fa5583cbf494ebf05f8ad000(2).jpg,297.904,1040.14,732.853,1810.61,JAS39
faf4a19dec38ac0e361e94ad625b1351(1).jpg,27.323,0.850647,293.604,724.0,E2
faf4a19dec38ac0e361e94ad625b1351(2).jpg,30.9035,0.534831,296.009,714.012,J20
fb2adc37fb645e07d4cb3e303b2cbea4.jpg,119.033,308.69,249.293,550.648,F14
fb353b04befe7db8c11db9a4e20db377.jpg,359.799,567.262,441.269,661.66,B2
fba9882d5513f32bc7f8ea32634aa9d5(1).jpg,269.612,950.932,457.977,1170.18,J20
fba9882d5513f32bc7f8ea32634aa9d5(2).jpg,160.784,841.909,301.602,1056.28,J20
fbe71b3a296ec9b67fec3bbc8388713d(1).jpg,301.1,330.995,949.219,1361.99,Mirage2000
fbe71b3a296ec9b67fec3bbc8388713d(2).jpg,329.89,902.129,687.222,1576.43,Mirage2000
fbfd019c7a329643ba7edddf184de45f.jpg,227.259,252.829,392.371,968.261,B52
fc18c8aefa4bb984a760d4109f3cf046(1).jpg,296.146,190.364,508.679,886.513,E2
fc18c8aefa4bb984a760d4109f3cf046(2).jpg,286.917,700.865,508.948,1198.07,E2
fc1ad307daf3f04d3ee870a58a274343.jpg,19.5659,16.1103,536.98,950.0,JAS39
